Actual,XGBoost,Ensemble
22.2296,22.303053,22.63091945111084
23.0203,22.951235,22.888667908752442
23.0886,23.187523,22.9635684440918
23.208,23.195862,22.923099408203125
22.9287,22.92599,22.73836957550049
22.5977,22.59227,22.519076448730466
22.5018,22.610832,22.499381107177733
22.3352,22.276436,22.36430192602539
22.2144,22.27431,22.427691579162598
23.5378,23.517265,23.14478265991211
23.5962,23.524052,23.312618333129883
24.0229,24.107815,23.767899394409177
24.8345,24.742271,24.209175211669923
24.7841,24.749634,24.30239489453125
25.9235,25.892328,24.81602113116455
26.2176,26.220201,24.859187246154786
26.7137,26.557241,24.912286719909666
27.4925,27.50826,25.294722363464356
26.3705,26.295753,24.621736739501955
27.0674,26.930779,24.881836751708985
27.7044,27.54595,25.132787467956543
27.3617,27.220135,24.91611586755371
28.402,28.383566,25.41268745135498
28.162,28.197762,25.238958267822266
28.1782,28.1857,25.14717873144531
28.0286,28.138449,25.039988357604983
27.034,26.831512,24.325799725585938
26.6709,26.590248,24.17904205395508
27.5905,27.47405,24.670679260925294
27.4195,27.487978,24.72768999078369
27.6752,27.483126,24.823320343322756
27.5915,27.483126,24.934114343322754
27.9371,28.12754,25.364758294189453
27.9587,27.804407,25.275968559875487
28.1549,28.118847,25.461079446655273
27.2473,27.134783,24.945825395568846
26.5116,26.59574,24.614208182312012
25.959,26.226685,24.348177785156253
25.9901,25.869783,24.19556320074463
26.3505,26.246206,24.460981141784668
27.0023,26.86547,24.893560443115234
26.6054,26.554216,24.929128192443848
26.7621,26.82434,25.27027441015625
26.6286,26.562796,25.39615431951904
27.04,26.827812,25.78859059741211
25.6504,25.517906,25.395226594482423
25.9288,25.852055,25.840179297973634
25.4559,25.518372,25.836929291015625
25.1712,25.218637,25.74150673321533
25.3077,25.19375,25.832965690734863
24.5589,24.703747,25.669553397827148
24.5556,24.403786,25.656831852783203
25.5613,25.524477,26.386741502502442
26.3985,26.161448,26.82862926251221
26.2894,26.213638,26.90856165283203
25.6466,25.519985,26.494798599487304
25.7779,25.514832,26.342790771484374
26.2125,26.21595,26.586821506103515
26.5461,26.59136,26.726455546081542
24.2788,24.38433,25.61228737475586
24.6543,24.691126,25.77045743487549
24.7293,24.711317,25.822420031188965
24.5641,24.712978,25.886654681518557
25.2413,25.222696,26.217431152160643
24.9418,25.014452,26.11202999029541
26.2851,26.250532,26.646537575134275
26.8067,26.844385,26.793080573547364
26.1864,26.21874,26.288625731628418
26.4988,26.561295,26.31227877783203
27.213,27.14073,26.5406299520874
27.1058,27.15629,26.537022527160644
26.4286,26.236464,26.088293273376465
25.7619,25.5353,25.77696465057373
26.1129,26.20008,26.172556935791015
27.0832,27.165586,26.60994223577881
25.8926,25.86131,25.875839525756838
26.091,26.16839,25.928225137023926
25.2013,25.243532,25.341801090393066
25.3154,25.227966,25.207985154296875
26.3293,26.207079,25.570515466857913
25.9664,25.845324,25.263333281311034
26.4062,26.552664,25.587576901550293
25.8446,25.783298,25.23630324621582
25.8074,25.526325,25.23245761291504
25.8037,25.84926,25.497862665100097
25.1525,25.215693,25.2584382600708
25.237,25.23035,25.345291247192385
25.6852,25.540195,25.595080232543946
24.9157,24.984526,25.217286840270994
25.5203,25.529076,25.340502811279297
26.0489,26.219202,25.54257202081299
26.2174,26.207716,25.418244494079588
26.1644,26.232683,25.389841590881346
26.2621,26.23368,25.384246862548828
25.6688,25.53666,25.13310512036133
24.929,24.995659,25.037286937255857
24.0274,24.101557,24.74300488897705
24.2577,24.11208,24.882282310180663
24.4334,24.406496,25.172723023986816
24.8238,24.998693,25.602945233093262
24.5797,24.403643,25.35229132720947
24.66,24.707058,25.45085347644043
24.7915,24.708689,25.354808867980957
24.9574,24.987602,25.481849616943357
25.7222,25.857914,25.898282985473635
25.7393,25.524323,25.665675254882814
25.4809,25.514574,25.56771552545166
26.37,26.268183,25.8331413772583
26.8915,26.861935,26.104022830932617
26.5081,26.604311,25.980038494689943
26.2632,26.271841,25.85313602459717
25.4834,25.5493,25.550724120056152
24.547,24.402058,24.99550882385254
24.7752,24.716848,25.14144518670654
24.8547,25.005636,25.21270360760498
23.1982,23.242641,24.248648724487303
23.0391,23.266153,24.215697167785645
22.5925,22.729342,23.874080753479006
22.6429,22.694141,23.827914193969725
23.8604,23.821882,24.421358123962403
24.1099,24.06971,24.627477888916015
24.2642,24.36443,24.872428736938474
24.5216,24.37326,24.96240024902344
24.405,24.364298,24.980891433410644
24.5664,24.369247,24.93034171826172
25.4548,25.524544,25.337975381103515
25.7576,25.517078,25.134777199829102
25.9445,25.857586,25.143433453491213
25.1759,25.258707,24.758812023254393
25.1833,25.293623,24.736752485290527
25.1858,25.275906,24.72123630456543
25.7605,25.88708,25.0345431194458
26.1878,26.281523,25.268159875427244
25.6418,25.555151,25.010848992858886
25.9102,25.911215,25.304313414245605
25.3938,25.523352,25.232796834655762
25.0543,25.00093,25.094249893066404
24.225,24.105135,24.81501748199463
24.2086,24.359816,25.07590279876709
23.8727,23.8443,24.901308158203125
24.6166,24.706186,25.307990147277835
23.7035,23.544325,24.569767437438966
23.3534,23.531483,24.380251848266603
23.5257,23.530598,24.22072484338379
24.0232,24.067377,24.240176045227052
23.9003,23.817778,23.879518816833496
24.6423,24.672781,24.060005495300295
24.0375,24.053493,23.54095724987793
24.818,24.671846,23.780294194885254
25.4229,25.51282,24.242255145080566
25.0875,24.958746,24.07303247821045
25.019,24.982265,24.229753736206057
25.2016,25.222677,24.480543115417483
24.8636,24.724415,24.350579412719725
24.9316,24.996052,24.62562839416504
24.9254,25.026218,24.78511120715332
25.9227,25.875755,25.361101155029296
27.016,26.871786,25.946450058776854
26.6888,26.588242,25.832066288574218
26.1025,26.243849,25.65187190032959
26.8288,26.887213,25.99324487664795
26.6304,26.606464,25.903026692993166
26.6623,26.588564,25.924013959533692
27.1753,27.177738,26.241538094848632
26.5536,26.592134,25.939824237854005
26.362,26.230213,25.7018955826416
25.0808,25.006979,24.95106449432373
25.0807,25.019007,24.807406364562986
24.0582,24.1087,24.199549899291995
24.0636,24.11761,24.108467965698242
24.0963,24.105217,23.996677489990233
24.6986,24.70295,24.19388876196289
24.4702,24.393888,23.94962423675537
24.8376,24.708517,24.08104353729248
24.5126,24.698086,24.074452892456055
24.5275,24.335993,23.963950406555178
24.2171,24.037506,23.867031051757813
24.7689,24.672335,24.280322335510256
23.7912,23.486727,23.83817088043213
23.6134,23.531555,23.986440587890627
24.176,24.071896,24.339972799682617
24.6808,24.677828,24.703991917541504
24.5978,24.673895,24.721686441101074
25.9113,25.824081,25.291463710449218
26.102,26.244555,25.48038375982666
26.2651,26.23035,25.530025247192384
26.1418,26.211887,25.68619067980957
26.3006,26.232182,25.87584327453613
26.8456,26.934559,26.3312284342041
26.1978,26.253319,26.08727539331055
26.7953,26.878922,26.468860754394534
26.8788,26.881735,26.513402424011232
27.0335,27.184113,26.725043274414062
27.3003,27.162945,26.741041396850584
27.7043,27.510393,26.891178071350097
26.9032,26.857412,26.414083669128416
26.4729,26.592403,26.102083205932615
27.3186,27.15385,26.13587677770996
27.405,27.480276,26.044828053894044
28.0833,28.1513,26.177373715148924
27.5792,27.505379,25.760720361572268
27.1877,27.181236,25.567914133544924
27.7618,27.51952,25.7632359029541
28.0935,28.148209,26.127594809082034
28.14,28.144012,26.154207225585935
27.8277,27.831036,26.005234807006836
27.8026,27.828514,26.031977049560545
28.078,28.123741,26.133938574951173
28.7065,28.723337,26.364674586730956
28.9084,28.763811,26.3148250557251
28.2385,28.125763,25.997458469726563
27.7779,27.831285,25.889603738342284
27.8178,27.841633,26.05111242150879
26.8226,26.85859,25.75544558618164
26.3109,26.285707,25.66123273687744
25.5772,25.55247,25.453910626770018
26.1525,26.257828,25.92236387939453
25.9845,25.89153,25.842858541625976
25.9677,26.205006,26.060308322875976
26.3452,26.201035,26.12034877294922
26.618,26.560137,26.35709939752197
26.0173,26.168797,26.22131626965332
25.4259,25.492205,25.94958583306885
25.4574,25.506811,26.033997570983885
25.6327,25.514029,26.076702274597167
25.1746,24.984272,25.77740300158691
25.7583,25.83499,26.183356273864746
25.9731,25.844007,26.206447746032715
26.2407,26.20857,26.48043324017334
27.1088,27.165138,27.029631622314454
27.3568,27.14732,27.054159896850585
27.3671,27.175793,27.0977258470459
26.7808,26.820276,26.969492130187987
26.7818,26.850548,27.04738239526367
26.703,26.577068,26.96668816442871
26.5044,26.58105,26.990525436401366
25.9123,25.844147,26.63385836425781
25.0908,24.97473,26.253037268981934
24.314,24.38934,26.041894723510744
23.819,23.86401,25.815864928588866
23.6906,23.555649,25.63556840185547
24.6675,24.701265,26.152122667541505
23.7137,23.559504,25.438650277648925
23.5741,23.562551,25.239235749206543
24.1559,24.041197,25.22360141156006
24.2438,24.041508,25.034258860473635
24.3016,24.360933,25.058011151916503
24.6332,24.671354,25.13195414691162
24.8256,24.682835,25.109317312622068
23.46,23.521797,24.56942159008789
23.5323,23.527681,24.593490675354005
24.4634,24.670174,25.124330322509763
23.9359,23.82666,24.639714078125
24.092,24.083992,24.71746100219727
23.1815,23.209852,24.210452109313962
22.8455,22.676828,23.90901869219971
23.712,23.530907,24.349680838623048
23.8279,23.83642,24.56569102960205
23.6068,23.524214,24.54848389544678
23.4095,23.532974,24.725640121582032
24.3697,24.393133,25.315304581726075
24.7004,24.673801,25.543376711059572
24.9963,24.989634,25.73034378009033
25.0504,24.992403,25.734665015197756
24.551,24.39075,25.393690942504882
24.3585,24.380796,25.28989971624756
24.6776,24.689121,25.264427123168943
25.2664,25.22401,25.288006733764647
24.4548,24.37144,24.585966943725587
24.298,24.415848,24.349828889160158
24.2928,24.11802,24.066852552001954
24.9108,24.705307,24.24654600341797
24.5658,24.41094,24.00560208514404
25.9051,25.904427,24.727134787353513
26.5171,26.599174,25.10379524975586
26.2428,26.223354,24.963003169799805
25.6659,25.543978,24.70068736871338
25.564,25.53268,24.777777755737304
25.7242,25.527311,24.76186466253662
25.8982,25.884003,24.86683084277344
26.3562,26.28288,25.052646391540527
27.4535,27.477322,25.64716431237793
27.3362,27.166334,25.48497007611084
27.6623,27.475786,25.56511810455322
27.237,27.112894,25.26006302911377
27.3203,27.178675,25.231429348937986
26.9915,26.896173,25.080725738586423
26.7597,26.839537,25.05655383343506
26.916,26.859108,25.065328985595706
27.1927,27.135462,25.26704490362549
27.5761,27.528837,25.576484601989748
27.4657,27.515842,25.70717121887207
27.0607,27.171494,25.67516176513672
27.6743,27.515772,25.93405343292236
27.4749,27.4954,25.94244773754883
27.5234,27.49396,25.946197713439943
27.3279,27.496286,25.991165196105957
27.4059,27.468359,25.972097496765137
27.6285,27.50844,25.947726008850097
28.069,28.142132,26.18583690270996
27.4169,27.486908,25.816966979492186
27.1716,27.171616,25.64767080029297
27.3988,27.507181,25.92967558380127
27.5461,27.504799,26.117513444580077
27.4919,27.502525,26.312762664794924
27.1605,27.174284,26.267284490661623
27.1846,27.185644,26.324262574890135
27.0927,27.180693,26.333826336364744
26.2691,26.268524,25.884025584960938
25.3776,25.2671,25.406949190246582
26.0381,26.194895,26.004871395324706
26.395,26.204062,26.165737254089358
26.5274,26.56245,26.510561704467776
26.8023,26.809145,26.740624486877444
26.4725,26.541756,26.653881838134765
26.2284,26.191063,26.488710463623047
26.2685,26.205292,26.45479587402344
26.6515,26.56367,26.572944602355957
26.587,26.563925,26.546954894714354
26.8566,26.827938,26.68750103991699
27.5291,27.461143,27.050208246826173
27.1049,27.123877,26.909637285827635
26.8132,26.830275,26.807202290954592
26.7048,26.600296,26.729908010253908
26.5967,26.571415,26.738876473754885
26.6852,26.524887,26.72678004248047
27.1064,27.144949,27.039237979675292
26.5824,26.55137,26.752082810363767
26.4625,26.56706,26.812261735290527
26.8565,26.82685,26.977297945556643
26.685,26.767467,26.931245749389646
26.7082,26.815979,26.918257501953125
26.4997,26.564085,26.765152503356934
26.3589,26.198387,26.572658572998044
26.3344,26.198042,26.56983295794678
26.3521,26.190115,26.531115487487792
26.1689,26.188826,26.489604803649904
25.8583,25.816603,26.20471135345459
25.4248,25.498169,25.85813347265625
26.036,26.200628,26.061671140319824
26.6009,26.55892,26.152328453308105
25.9945,25.8261,25.768171197875976
25.437,25.49684,25.640144761657716
26.128,26.200022,26.033379371887207
25.5258,25.50207,25.7049607366333
25.1583,25.22086,25.569203263793945
25.436,25.516085,25.732420835510254
25.4702,25.524693,25.765482767700195
25.4404,25.505802,25.800061077270506
25.8534,25.847027,26.071566412475587
25.7914,25.832659,26.159054383850098
25.7027,25.495659,26.03328893725586
25.1356,25.215494,25.882609577941892
24.5497,24.390306,25.43215673638916
24.3363,24.39375,25.370409118530276
24.2655,24.109123,25.215184114990237
24.0406,23.852802,25.065703638305664
23.5856,23.548527,24.87476038195801
23.0906,23.250507,24.720972177368164
23.0702,23.22807,24.73009415270996
23.0733,23.173626,24.70941297302246
23.1388,23.17313,24.714814017700196
23.328,23.191946,24.706695514831544
23.3341,23.168829,24.6557864821167
23.0443,22.918968,24.491562100341795
23.1561,23.166018,24.567187266174315
23.1126,23.182596,24.52765960333252
23.4917,23.508852,24.599231002502442
23.3146,23.20676,24.390677203247073
23.1585,23.197882,24.4026078493042
22.8441,22.684778,24.15493410675049
22.9261,22.985735,24.260997469787597
22.8919,22.691027,24.105774843811034
22.953,22.986479,24.216652902770996
22.9561,22.982004,24.150373582824706
23.1222,23.231205,24.214594993286134
23.8086,23.809557,24.461967480529786
23.0395,22.928127,23.997678644409177
22.8718,22.658491,23.882708567321778
22.9728,22.949507,24.066470379821777
22.8831,22.946777,24.088221671875
22.7955,22.652973,23.915010587524414
22.8347,22.652973,23.823991587524414
22.9309,22.945845,23.84170232513428
23.0683,22.953453,23.71098153198242
22.9299,22.95483,23.586257084838866
22.2742,22.293617,23.116248624267577
22.281,22.332167,22.997706335876465
21.827,21.708687,22.54572791430664
21.4264,21.439812,22.300277853271485
21.8979,22.046984,22.519747859436038
21.5592,21.703108,22.31509791693115
21.8605,22.044762,22.48740282885742
21.7035,21.714329,22.31729138293457
22.1289,22.063875,22.48682259918213
22.8136,22.655348,22.77938541204834
23.1247,23.184666,23.06672883996582
23.1054,23.16281,23.082428685974122
22.9893,22.912941,22.96765548950195
23.0657,22.904226,22.946873151550292
23.1019,22.931902,22.930666965881347
22.9211,22.931776,22.902491523376465
22.4352,22.583458,22.68946647338867
22.7999,22.629684,22.68625222412109
22.8264,22.647738,22.68165025152588
22.2008,22.268742,22.54120730383301
22.1452,22.042372,22.457120874938965
22.0852,22.037327,22.45318990637207
22.0406,22.036127,22.44665154522705
21.9744,22.031303,22.424685702880858
21.8716,22.025469,22.395625913146972
21.7864,21.699646,22.209292498046874
21.8429,21.699646,22.180568498046874
21.8862,22.03079,22.338738664489746
21.8293,21.688297,22.187590635864257
22.0076,22.018234,22.313281126464844
22.9573,22.927717,22.69773360443115
22.7629,22.60687,22.43757332562256
23.0359,22.929865,22.473920941711427
23.3464,23.179234,22.503555275512696
23.0604,22.935003,22.301296640319826
23.4316,23.491714,22.542638738769533
22.5732,22.587112,22.077307713378907
22.6513,22.623125,22.123157538146973
22.9197,22.649452,22.213814604736328
22.6202,22.643085,22.338958739868165
22.2689,22.289946,22.300251801208496
21.9818,21.718859,22.128409359436034
21.3967,21.404387,22.05772676019287
21.2632,21.237192,22.03328107696533
20.6263,20.573786,21.722818390930176
20.4012,20.461617,21.624618258056643
20.3036,20.202858,21.456275985595703
20.0749,20.059958,21.35302625213623
19.9356,19.903698,21.221264983764648
19.6391,19.607458,21.005713557312014
19.2322,19.29868,20.77816867590332
18.9753,18.927092,20.528400799255373
19.3976,19.482973,20.748893549377442
18.786,18.801554,20.353122863098143
18.576,18.648611,20.230159034362792
18.6319,18.645655,20.195856339172366
19.0362,19.110193,20.40435612628174
19.1955,19.283974,20.48074984692383
19.0095,19.089312,20.391932299865722
19.4728,19.468212,20.675923563842773
18.8363,18.781504,20.44181183868408
18.3283,18.349987,20.331652515014646
18.5931,18.628046,20.5917395178833
18.5861,18.629684,20.688525224121094
19.0755,19.097723,21.001595503601074
19.2692,19.297733,21.09686165344238
19.906,19.894634,21.352995123413088
19.5642,19.589209,21.158828801452636
19.5654,19.591244,21.11391737194824
19.5955,19.59262,21.049411924804687
19.8348,19.880198,21.11270726251221
19.5507,19.591509,20.857874432678223
18.8835,18.901453,20.373423509094238
18.917,18.901323,20.200219159240724
19.421,19.470434,20.300883094421387
19.63,19.594595,20.19759647772217
19.4388,19.45467,19.98193347619629
19.7181,19.587315,19.928564302856444
20.0241,20.04247,20.04679046600342
19.8437,19.885286,19.84920516558838
19.9328,19.888332,19.72847468347168
20.2935,20.316164,19.865922008361814
20.5586,20.566744,19.907625425354006
20.2642,20.31161,19.693197134094238
20.0983,20.048717,19.48579374938965
20.3582,20.313545,19.58861061352539
20.413,20.467842,19.67452605102539
20.7379,20.737309,19.831664251098633
20.9993,20.959242,19.975038433532717
21.6527,21.659304,20.336226832580564
21.371,21.20373,20.0788028147583
21.4844,21.393764,20.134122747924806
21.2163,21.194054,19.99359332495117
21.5542,21.631754,20.215204960754395
21.5499,21.389925,20.12306500152588
21.3765,21.388798,20.22006038000488
20.9753,20.93342,20.087564590637207
21.2247,21.191132,20.30090529589844
20.7423,20.725132,20.117212494262695
21.1198,21.196749,20.403744366760254
21.2216,21.2082,20.439065727355956
21.2283,21.2082,20.394730227355957
21.5965,21.668861,20.550589694580076
20.958,20.922411,20.13703248248291
20.8406,20.839642,20.09930728552246
20.6434,20.588057,19.984157782165525
20.8469,20.832016,20.13324799560547
20.6695,20.739893,20.141211479797363
20.5556,20.583979,20.116291826477052
21.1334,21.207132,20.47171766973877
21.248,21.203289,20.53386901599121
21.158,21.07357,20.553729125732424
20.8496,20.83563,20.49831970843506
20.8967,20.927496,20.56981647821045
20.853,20.833664,20.542662470214843
20.7936,20.834246,20.557657840881348
21.6005,21.68055,21.011817810791015
21.6105,21.67209,21.045789765197753
22.3017,22.28748,21.465901200317383
22.2371,22.277632,21.577662379821778
22.5012,22.55643,21.806866408325195
22.2231,22.284462,21.724429987548827
22.2916,22.301228,21.77746978479004
22.5276,22.62159,21.957781830322265
22.9109,22.64813,21.983265208435057
23.1711,23.171843,22.22483228753662
22.7249,22.599092,21.912102741760254
23.1759,23.18769,22.145790867431643
23.4251,23.516066,22.26788279876709
23.581,23.527584,22.261425037963868
23.7352,23.834057,22.420493427124022
24.0211,24.087362,22.586627144714356
23.951,23.852747,22.47220898175049
24.0902,24.097483,22.571438840637207
24.2542,24.09595,22.52494708648682
23.6793,23.840584,22.356793400634764
23.4807,23.530222,22.16175196954346
23.129,23.209293,21.95742168273926
23.5041,23.52355,22.119208516784667
23.3347,23.232454,22.01095214996338
23.6046,23.537006,22.21568818908691
23.4936,23.541735,22.239462347717286
23.4507,23.529036,22.236777284118652
23.4121,23.234278,22.078683862609864
23.5943,23.531265,22.209607629394533
22.7582,22.67312,21.805239749328614
22.9822,22.982853,22.017099467895505
22.7405,22.6875,21.982284999999997
22.6457,22.690119,22.105252394836427
22.4799,22.673779,22.22710976696777
22.5051,22.690119,22.326187894836426
22.9969,22.983644,22.527703242736816
22.952,22.978725,22.567906216674807
22.6512,22.675158,22.469838273498535
22.1101,22.07861,22.254860733276367
22.156,22.071983,22.301616668701172
22.2653,22.303114,22.468605968688966
22.9112,22.646822,22.705425987854007
23.0737,22.956772,22.93523042529297
22.5859,22.628803,22.852329126586916
22.8384,22.635809,22.948881972351074
22.9064,22.632225,23.029790018310546
22.8926,22.945728,23.254398151000977
22.8419,22.649197,23.167997312377928
23.0883,23.182663,23.467680981933594
23.2592,23.20025,23.451820312805175
23.5631,23.501648,23.520147474609374
23.6984,23.77172,23.582157943115234
23.515,23.523285,23.394940456054687
23.0287,22.963205,23.059094668762206
22.4969,22.668455,22.895894061950685
22.8733,22.96283,23.043009794921876
22.9292,22.97944,23.057046844543457
22.9515,22.986507,23.079257207885743
22.4299,22.682703,22.88449100909424
22.5819,22.660784,22.824102383850096
22.7578,22.664446,22.768787438537597
23.0319,22.955458,22.852993843688964
23.2775,23.196981,22.918784215026854
22.7591,22.654276,22.59614544708252
22.3266,22.316965,22.422392551574706
22.3459,22.338741,22.452645651245117
21.6507,21.696726,22.134137922668458
21.8696,22.055475,22.276047617492676
21.4278,21.44577,21.910903131835937
22.1346,22.068521,22.159703249816893
22.2074,22.069304,22.150174256286622
21.7058,21.685741,22.006248712280275
21.8398,21.702745,22.048408718811036
21.8454,21.707294,22.073122732055666
21.6771,21.699787,22.10271356994629
21.9141,22.029972,22.311579538208008
22.5371,22.62464,22.6244612555542
22.0892,22.022305,22.351677267456054
22.1517,22.033897,22.40067119995117
22.485,22.608643,22.7555037890625
22.0994,22.021194,22.539869229003905
21.8762,22.034794,22.605177926879882
22.1383,22.034704,22.605889104187014
22.1487,22.03595,22.536651853515625
22.2213,22.283022,22.57389446343994
22.6966,22.614754,22.681012861572263
23.0199,22.91331,22.79117204864502
22.8911,22.607424,22.582860891174317
22.9831,22.94703,22.700726556884767
22.5175,22.597082,22.503720069030763
21.8552,21.99473,22.21831799786377
21.4814,21.419117,21.987588486938478
21.4414,21.441706,22.031766851867676
21.1742,21.252542,21.91535474786377
20.7191,20.726635,21.597843989624025
20.3098,20.321386,21.289647168640137
20.8784,20.84881,21.451702097961427
20.7101,20.73787,21.283311631347658
20.4656,20.452356,21.095142169250487
20.2584,20.312008,21.030716952026367
20.7553,20.831295,21.287645506713865
20.73,20.727842,21.23067116546631
21.3996,21.403013,21.56514461468506
21.1122,21.05362,21.375788692382812
20.7432,20.82269,21.25810052819824
21.0356,21.059385,21.42831014984131
21.538,21.65978,21.776332751159668
21.8281,21.661543,21.814148946228027
21.4491,21.39623,21.72290884881592
21.4965,21.414454,21.747044753234864
21.714,21.681086,21.863991793273925
21.7146,21.68573,21.849239990234373
22.3266,22.318687,22.155757719482423
21.9822,22.045748,22.022581878479002
21.8658,22.03816,22.06140416204834
21.5864,21.456663,21.853601565856934
21.3773,21.425192,21.91902743963623
20.8817,20.844486,21.687181618286132
21.0202,20.95023,21.755116322387693
20.8343,20.845861,21.64342071746826
20.9891,21.078905,21.63795005279541
21.2598,21.215727,21.569428426208496
22.2841,22.277424,21.97039042932129
22.1925,22.258207,21.809438660583496
21.831,21.678968,21.352096714782714
22.1281,22.039286,21.42771532989502
22.0318,22.033937,21.35963422711182
22.3184,22.278719,21.428203474182126
21.5431,21.676039,21.086547871032714
21.4735,21.450642,20.96450231604004
21.9793,22.05397,21.277876668457033
21.4512,21.43696,21.039345110168455
21.6415,21.723162,21.254367848693846
21.1866,21.244085,21.054814155944825
21.7534,21.729334,21.326035438781737
21.7631,21.711145,21.374471700500486
20.8737,20.821688,21.00502584918213
21.3909,21.434217,21.366027726501464
21.6841,21.689508,21.525369219055175
21.5854,21.681337,21.553828678283693
21.6289,21.680231,21.575256547180174
21.9763,22.030891,21.806830709228514
21.6104,21.699081,21.69585571044922
21.8404,22.035173,21.893471708068848
22.2721,22.293617,22.015510624267577
22.4657,22.570255,22.11034663977051
22.8456,22.629852,22.045865147460937
23.4132,23.50377,22.382459414123534
23.2129,23.177883,22.126990074096682
22.5852,22.575377,21.761836255310058
22.4307,22.614952,21.753100543701173
22.4407,22.28761,21.6771145501709
22.1455,22.029444,21.678316870422364
21.7728,21.69873,21.615140234374998
21.6556,21.714432,21.710167881347658
22.1028,22.044819,21.936450939086914
22.25,22.282911,22.11286565032959
23.0027,22.935097,22.42389487036133
23.4644,23.4662,22.643632937438966
23.0187,22.89896,22.329021556762697
22.7686,22.605373,22.14256269128418
23.0823,22.90568,22.240314851379395
22.4804,22.56668,22.010563954101563
22.2542,22.278942,21.841652054077148
22.2313,22.28411,21.84804805780029
22.4237,22.283022,21.79941596343994
22.5582,22.60806,21.929758918395997
22.6748,22.607367,21.936271780944825
23.0833,23.169384,22.237065501342773
23.7439,23.808008,22.57375509698486
23.3033,23.192522,22.3162935244751
23.1882,23.210741,22.36155052154541
23.5166,23.546772,22.561120001586914
23.1455,23.202732,22.44186604309082
23.195,23.209642,22.52184320513916
23.2539,23.22331,22.617597735290527
23.0471,22.98115,22.63430583673096
22.9215,22.987753,22.773507957214356
22.9521,23.171745,22.929171650146486
23.1173,23.227236,22.952301897033692
23.5371,23.527472,23.057800271179197
23.5321,23.529776,22.985395309753418
23.5605,23.528927,22.878218424682615
23.3488,23.220783,22.61710811682129
23.0959,23.214964,22.552318456481935
23.505,23.530933,22.687441690063476
24.4355,24.41118,23.19679724810791
24.1099,24.07718,23.16960693121338
24.5857,24.72588,23.612963834594726
24.4878,24.399837,23.518071246948242
24.1019,24.052921,23.382931647583007
23.6901,23.532946,23.108930816467286
24.1987,24.381159,23.477197414367676
24.7245,24.694557,23.561029594970705
25.2782,25.23235,23.77075219787598
24.5607,24.673845,23.46421314556885
24.833,24.700113,23.480139648254394
24.8888,24.962355,23.65900333001709
24.7144,24.676075,23.636436490844726
24.8742,24.658106,23.730405925109864
24.9217,24.72053,23.829213278137207
25.5985,25.544373,24.295251779296876
26.0153,26.2388,24.66867652441406
25.8537,25.555964,24.323359258117677
26.2459,26.24428,24.660467930725098
26.5706,26.636047,24.838605681640622
26.0593,26.237001,24.613375709533692
25.6568,25.535315,24.218310279968264
25.3931,25.501041,24.180450706176757
26.0142,26.253403,24.57954685498047
25.7905,25.858133,24.42072165802002
25.7648,25.533314,24.30302637561035
26.0438,26.216366,24.67163190710449
25.0043,24.985905,24.04933234680176
24.8865,24.717535,23.91055200946045
25.1432,25.233318,24.23388866442871
25.8361,25.851412,24.631714909729006
25.6125,25.507746,24.575553871398924
25.9232,25.858055,24.856607557373046
26.3071,26.22121,25.088679239868164
26.3307,26.212101,25.06413949133301
26.4819,26.57316,25.224196585754395
26.3664,26.222446,25.080277220825195
26.8738,26.871166,25.502050614624025
26.5227,26.59133,25.42140378729248
26.12,26.204708,25.266820049682615
25.9208,26.1998,25.301167245666505
25.8703,25.845566,25.141077897949216
24.9393,24.993662,24.719969940246582
24.9586,24.93714,24.7141112555542
25.1573,25.241247,24.936566588562012
24.7588,24.688217,24.76991158154297
25.1188,25.000147,25.041329432922364
25.4292,25.523462,25.419838147766114
25.4207,25.52168,25.52339341595459
24.8423,24.682959,25.166419301452635
24.8624,24.708282,25.185976735351563
25.0329,25.001585,25.278740003356933
25.6658,25.526318,25.513345798217774
25.3969,25.504637,25.481506382263184
25.1619,25.232721,25.325021664367675
24.495,24.383396,24.90501407434082
24.6932,24.7101,25.0012435869751
24.8251,24.716219,24.905038974182126
24.8153,24.71689,24.821715167541505
24.3635,24.390781,24.655956201293947
24.3115,24.11107,24.541649816467284
24.3887,24.40756,24.74726567425537
24.5546,24.41375,24.83895684741211
24.3524,24.373116,24.91485426977539
25.037,24.979336,25.311757892456054
25.0195,25.031244,25.414064638977052
25.545,25.5472,25.762683624633787
25.7227,25.548237,25.822140923461916
25.648,25.550135,25.82882032940674
25.8461,25.91792,25.970382579467774
25.5485,25.557217,25.725309322143552
25.2582,25.261726,25.430519189697264
25.5617,25.551075,25.405328990844726
25.714,25.582232,25.289999760803223
25.4054,25.553173,25.159064532592772
25.3928,25.550106,25.09773552429199
25.5105,25.55525,25.09059508392334
25.6652,25.571672,25.130982219787597
25.6769,25.531206,25.112284565490725
24.902,24.996927,24.83808213067627
24.4498,24.395456,24.53416315704346
24.9229,25.008257,24.880562956115725
24.7746,24.717236,24.780766282592772
24.7177,24.703693,24.80461869494629
24.4117,24.392546,24.60185885003662
24.7947,24.657146,24.66833422692871
25.2762,25.507254,25.044028323425295
25.9459,25.853077,25.185355967407226
25.3708,25.514969,24.960832436035155
26.2086,26.236362,25.257923228637694
26.5358,26.606712,25.3928641706543
25.6219,25.528126,24.829037881469727
25.1695,25.250595,24.67215804638672
25.6473,25.549877,24.855661583374022
26.0567,26.262682,25.274380980529784
25.9814,25.872854,25.184551116394044
26.0711,26.21613,25.479873651489257
26.2894,26.23793,25.60229314892578
26.6409,26.632116,25.884285158874512
26.4648,26.59831,25.917597735290528
26.8319,26.858421,26.045194662841794
26.9483,26.847937,26.03179081512451
25.87,25.859383,25.534634814697263
25.5989,25.522528,25.35133934735107
26.0066,25.85822,25.490479573364258
27.0103,26.86079,25.967475126342773
26.1856,26.163311,25.616320502319336
27.0105,26.876583,25.977134549682617
27.4779,27.460924,26.225596574279784
27.4286,27.470303,26.140899790893556
27.2343,27.155857,25.911467543090822
26.5981,26.562584,25.56506696166992
26.7873,26.833344,25.660545252929687
26.302,26.215597,25.31297857635498
26.1934,26.198002,25.273422430786134
26.3045,26.197657,25.306494815734865
26.5997,26.573463,25.6004792199707
27.3688,27.44942,26.135950964477537
28.0716,28.154821,26.60654819793701
27.5158,27.475872,26.409827019897463
27.1013,27.162928,26.32151781378174
27.2376,27.170544,26.303771835327147
27.1327,27.147879,26.255809323425293
27.4126,27.477034,26.42002030755615
27.6042,27.481274,26.43661982556152
27.469,27.165808,26.30605986199951
27.5328,27.4593,26.497081043762208
27.8476,27.838966,26.755844184814453
27.1172,27.12191,26.462533047607423
26.9555,26.85821,26.401966304992676
26.9973,26.863386,26.4872180770874
27.0637,26.850182,26.46916278979492
26.9349,26.860865,26.39106381964111
27.1657,27.156033,26.459779781127928
27.0976,27.168167,26.489672557128905
27.2865,27.165543,26.51479530126953
27.38,27.497322,26.732588041259767
27.8735,27.825752,27.00961662915039
27.413,27.480457,26.9585821529541
27.4346,27.504377,27.065434682556152
27.2263,27.180588,26.907248884277344
26.9249,26.887693,26.724185202575683
27.5117,27.511536,26.957018822265624
29.0199,29.160704,27.692001329528807
29.095,29.08482,27.571070896850586
28.3728,28.320621,27.147377745239258
27.1666,27.124508,26.603810452026366
26.8144,26.862751,26.62490850354004
26.307,26.246168,26.44703556829834
27.2802,27.152376,26.97036308746338
27.3004,27.156864,27.004524083129883
27.1082,27.15925,27.004009129699707
26.5548,26.580053,26.701940664733886
26.1336,26.25194,26.550724886779783
26.6036,26.609015,26.7436732555542
26.5729,26.59501,26.742730378723145
26.5458,26.607147,26.762502608398435
25.7654,25.517397,26.198649463439942
25.2417,25.234293,26.012469492004392
24.5651,24.394396,25.536540914123535
25.4387,25.515047,26.04596253668213
25.7432,25.524454,26.012028558410645
25.9497,26.1983,26.323898203979493
25.8081,25.849377,26.1523583392334
26.018,26.167326,26.337551986755372
26.4137,26.226171,26.41355074676514
26.902,26.847845,26.805917538757324
26.3299,26.228888,26.5500537789917
25.6973,25.539196,26.228439507202147
25.4866,25.528744,26.21845437194824
25.6341,25.509842,26.189123959472656
25.7431,25.858997,26.35515117248535
25.4422,25.518913,26.316694134521484
25.4618,25.520979,26.508389463806154
25.3936,25.53021,26.63388424749756
25.4019,25.519337,26.592012350219726
25.7742,25.855738,26.62680134307861
26.1467,26.180147,26.584691085510254
26.9712,26.857412,26.799536169128416
26.3272,26.210413,26.417000989562986
25.574,25.516588,26.038146105529783
25.4858,25.520014,25.99858940460205
26.3256,26.235098,26.26973744256592
26.639,26.580946,26.381479484313964
26.5636,26.595463,26.343944399536134
26.3696,26.233385,26.144740043029785
26.6213,26.596903,26.26305192364502
26.0296,26.200998,25.94817715313721
26.851,26.851006,26.08831977709961
27.769,27.50647,26.299359363281248
27.3777,27.458603,26.228844452636718
27.4765,27.479172,26.258286376464845
27.7226,27.498743,26.313910528625488
28.855,28.755596,26.987990580444336
28.653,28.757135,27.077590195617674
29.0408,29.128777,27.396574775146483
29.1002,29.113914,27.484212744873048
29.3657,29.27458,27.568223000915527
29.1969,29.075012,27.412309603515624
28.5976,28.489237,27.04210741583252
28.8576,28.728086,27.091422235778808
28.8348,28.738075,27.027701128173828
27.5297,27.423561,26.312942548095705
28.4374,28.48597,26.802847771728516
28.6696,28.695591,26.879481486450196
29.7391,29.793842,27.436277157836912
30.4411,30.539473,27.836847289978028
30.1703,30.246262,27.813597798339842
30.287,30.286427,27.943389772094726
30.0936,30.276575,27.971108544250487
30.6593,30.669218,28.139908031677244
30.877,31.083649,28.354773340820312
30.9287,31.113016,28.42012106427002
29.7763,29.819029,27.83265692718506
30.2858,30.360548,28.13869500970459
29.029,29.047932,27.51694083557129
28.3586,28.202665,27.079609664489745
29.3382,29.399641,27.69712251849365
29.7086,29.585361,27.861054240356445
30.3808,30.271734,28.30505961883545
30.2881,30.238375,28.3874503550415
29.9727,29.868265,28.30704107598877
30.0866,30.257078,28.675766085388183
30.404,30.622835,29.02743457965088
31.2973,31.10212,29.437320722900388
30.9204,31.078642,29.574293945739747
31.151,31.077562,29.70177466607666
31.11,31.10868,29.800085862548826
30.7124,30.62485,29.553029159729004
30.4959,30.632406,29.528278117370604
30.7763,30.627531,29.490199025817873
31.2077,31.108742,29.590991880126953
31.6532,31.671755,29.779940418518066
32.2445,32.274574,30.043288139892578
32.095,32.20083,30.086069276123048
32.2637,32.2396,30.299579567626953
32.0755,32.223618,30.488684776855468
31.3223,31.560173,30.327290517333985
31.1113,31.033974,30.170527346923826
31.3963,31.526936,30.52230928869629
30.6611,30.472084,30.09555602270508
30.3908,30.157997,30.023932565673828
30.1112,30.16208,29.999416382385256
30.6302,30.504313,30.126022257629394
29.8862,29.792452,29.619897929260254
29.6723,29.774477,29.39651300250244
29.6923,29.673752,29.195762415527344
29.5562,29.4446,29.002246075805665
30.3012,30.180172,29.42708948327637
29.7724,29.792433,29.345953892517088
29.7084,29.751722,29.425091167907716
29.6296,29.467188,29.35645894073486
29.4461,29.469265,29.43123649206543
29.096,29.033903,29.34713756097412
29.2175,29.019842,29.457014073913577
29.175,29.217628,29.639101739501953
29.4525,29.244719,29.71554427581787
28.7577,28.654013,29.428566340026855
29.7675,29.82992,29.978124907531736
30.2121,30.22269,30.149296791137694
30.0857,30.213057,30.15859228216553
30.7913,31.075972,30.632242301696778
30.2698,30.24353,30.34282013671875
31.0971,31.062548,30.88763634185791
31.7949,31.655188,31.297418803405762
30.5209,30.531553,30.823315634216307
30.6931,30.597702,30.860985013183594
30.8333,30.607367,30.794182780944823
29.6643,29.481289,30.154030954956056
28.9321,28.76285,29.66774740386963
29.2342,29.114296,29.693965979736326
29.4727,29.517555,29.739930118408203
29.3902,29.544344,29.65997397418213
29.1859,29.10391,29.337181223083498
29.6227,29.52502,29.454674799682618
29.6813,29.508121,29.374100745239257
29.9054,29.814108,29.45471944744873
30.1039,30.241142,29.67501113647461
30.1291,30.206846,29.665502618591308
29.8688,29.829449,29.470205349975586
30.5752,30.57631,29.829469602050782
31.0329,31.023075,30.018631051879883
31.6149,31.591885,30.256762306518553
31.8429,31.572681,30.182603713500974
31.7833,32.1582,30.427899655151368
31.9613,32.218582,30.419795076660158
31.5963,31.559664,30.028480386291506
31.5064,31.56192,30.052166083007812
32.1148,32.15991,30.432454147338866
32.6628,32.11976,30.519724802978516
33.0553,33.63949,31.42575361010742
32.6463,32.173344,30.82585982922363
31.8803,32.157684,30.95603666308594
32.2598,32.231636,31.15556602368164
32.2027,32.159924,31.172634276733397
31.6594,31.513157,30.81934844543457
32.0047,32.189915,31.13113785168457
32.5797,32.28221,31.059700151855466
31.8604,31.536932,30.491252995788575
30.9787,30.968046,30.017424594177246
30.9985,31.017704,29.913931005004883
31.5971,31.559486,30.106255694580078
31.4737,31.45071,30.00645614831543
32.0296,32.131542,30.352556102905275
31.3464,31.531046,30.097592956848146
31.7316,32.161938,30.481279356811523
31.9609,32.152634,30.562152833496093
31.5493,31.596664,30.36909471435547
31.6968,31.529428,30.38178524102783
30.1001,30.231014,29.807590625854495
31.1209,30.973219,30.28390895892334
30.9426,30.94651,30.405720157470704
31.8493,32.14425,31.140185481201172
31.8719,32.04855,31.243943326049802
32.3025,32.12054,31.391492809448245
32.8367,32.17118,31.487070362548828
33.7921,33.665504,32.2580812277832
34.0478,33.644012,32.283602725585936
35.0303,35.06807,33.0783447290039
35.4797,35.20177,33.27069739123535
36.2259,35.942043,33.757310652221676
36.8584,36.73953,34.16520932800293
36.3559,35.736607,33.63620929895019
35.7002,35.197536,33.33449273425293
36.3457,36.13523,33.7270125090332
36.4036,36.22794,33.714133302856446
36.8791,37.004566,34.11196609631348
36.6367,37.050957,34.11989236303711
36.4284,36.81154,33.91093634814453
36.5989,36.801605,33.787882612304685
35.5687,35.261257,32.94941358581543
35.0736,35.32722,32.945740458374026
33.6347,34.104275,32.36872587487793
33.8964,34.003407,32.3253782623291
33.6973,33.990913,32.33461669555664
33.3677,33.981567,32.375153691406254
33.4157,33.999603,32.44215763574219
33.5891,33.76143,32.346701416503905
33.7957,33.613605,32.13935774963379
32.5885,32.22091,31.34443655932617
32.1658,32.11089,31.221664717407226
32.2093,32.111183,31.22820758325195
31.7978,32.141758,31.302988982543944
32.9499,32.34164,31.479832736206056
32.4939,32.219193,31.551703252441406
32.1989,32.167477,31.768335327026367
31.3518,31.094585,31.494830209350585
30.6886,31.081316,31.801895997131346
31.0866,30.943739,32.05473246868897
31.2725,30.945515,32.38821033947754
31.6947,31.514051,32.98856471868896
31.1349,31.10085,32.99747657580566
30.7883,30.591297,32.808227574829104
30.2379,30.323338,32.67975627746582
30.9417,31.051218,33.05419901641846
31.2597,30.996359,33.06623443572998
31.6673,31.571293,33.388974938598636
31.5762,31.49474,33.37349676623535
32.0114,32.120773,33.69881165771484
32.512,32.215862,33.660669137084966
32.9533,32.323906,33.587819972412106
32.7979,32.20162,33.26131409729004
32.6826,32.21454,32.99505628710938
32.1645,32.129795,32.708126037231445
31.1816,30.981037,31.933080569946288
30.7553,30.557402,31.568447828552245
30.7506,30.524927,31.474579569641115
30.7081,30.474022,31.435243455810546
31.7597,31.524923,31.88918016229248
32.2023,32.202885,32.11432433703614
32.2511,32.147896,31.95714840649414
32.6128,32.186256,31.838565704345704
32.0852,32.119778,31.78245533972168
32.165,32.11133,31.7811605625
31.44,31.576162,31.51959516912842
32.4113,32.199757,31.75497931115723
32.3458,32.14607,31.618004286499023
31.3502,31.527596,31.172337760009768
30.7112,30.557957,30.58991334777832
30.154,30.195904,30.372601889038087
29.6178,29.516804,30.01796437072754
29.533,29.53903,29.98857203753662
29.4397,29.566294,29.897620358215335
29.2487,29.11815,29.594170355529783
29.5238,29.53852,29.77947890649414
29.8511,29.861933,29.9976683772583
29.8425,29.832111,30.06202417932129
31.0194,31.043825,30.770115074768064
30.7954,30.568436,30.684458834472657
31.123,31.027443,31.101472966064453
31.1474,31.054111,31.269824240356446
31.53,31.558762,31.624056798339844
31.2379,31.020256,31.387643021240237
31.2738,31.083584,31.304288915893554
31.2576,31.096367,31.110087441162108
31.3689,31.61409,31.158624982910155
30.5717,30.586927,30.469247706970215
29.9271,29.816896,30.024558219299315
28.8344,28.788774,29.57620024517822
28.9489,29.104147,29.84081347869873
28.5552,28.543049,29.71538142932129
28.291,28.384876,29.761966625610352
28.853,28.739214,30.01499447174072
28.4382,28.353546,29.828700071289063
28.5358,28.51884,29.93016139489746
29.0474,29.144232,30.258777398132324
29.6867,29.517958,30.373036343688966
29.9103,29.823118,30.37053310491943
30.5982,30.25151,30.388106310058596
30.6267,30.595387,30.314659252563477
29.9538,29.804197,29.696934655700684
30.2649,30.219175,29.71852216937256
29.9137,29.851875,29.38800065258789
30.64,30.58058,29.661162378845216
29.8415,29.823812,29.273009242370605
29.6302,29.55126,29.16515449725342
29.1983,29.122835,29.098744579650877
30.3327,30.263653,29.842648400756836
30.366,30.248848,30.009207480712888
30.0403,29.826563,29.937221440734863
31.1494,31.054867,30.677933395385743
30.7854,30.559566,30.506386748901367
31.3722,31.59736,31.06082030548096
30.9212,31.028217,30.787176157836914
30.2726,30.26178,30.405382392578126
31.1102,31.061834,30.771083667663575
30.6822,30.5734,30.39110674871826
31.354,31.619104,30.68110669268799
31.8983,32.220882,30.726704707885744
32.4654,32.26998,30.532079692138673
32.4989,32.18408,30.279642108276366
32.1585,32.15262,30.144250704101562
31.8654,32.166965,30.06533074230957
31.7372,31.606977,29.72912573138428
31.0656,31.014076,29.453824116455078
31.1859,31.04306,29.545081151367185
30.863,30.993092,29.665271791625976
30.8795,30.987371,29.831380722351074
32.0214,32.180004,30.610932059936523
32.1444,32.115963,30.716536491088867
31.9896,32.10459,30.79072968481445
32.8852,32.18349,30.846658876586915
32.9621,32.16939,30.88055231604004
33.9901,33.71075,31.62834028991699
33.3804,33.64225,31.52813503051758
32.6236,32.226192,30.706680237182617
32.3532,32.22509,30.681093013427734
32.1438,32.19897,30.692960397338865
31.6318,31.592388,30.414198076538085
32.2175,32.278183,30.855111991699218
31.9093,31.564844,30.60004206573486
31.5597,31.545732,30.715066249084472
31.8844,32.245003,31.151745873291016
32.2768,32.213158,31.130601826904297
32.364,32.172256,31.12812923486328
33.4962,33.627148,31.857917837280276
33.1899,33.56708,31.86652572570801
33.8208,33.652843,31.996971737670897
33.6064,33.735462,32.19174209436035
33.6711,33.679092,32.33204120361328
34.227,33.87854,32.54320451953125
34.8448,34.6078,32.94382876501465
34.1269,33.83997,32.53333381750488
34.0356,33.830612,32.42458259130859
32.5991,32.113197,31.45636666333008
32.3758,32.295647,31.424544333740236
31.9232,32.25075,31.282092247680666
32.3299,32.330013,31.333981637573242
32.0585,32.301514,31.3871833359375
32.0851,32.1113,31.38663071105957
31.7576,31.519686,31.23531337261963
31.0248,31.125277,31.210838282775878
31.4866,31.553965,31.666697307434085
31.7214,31.535982,31.863816065979005
32.3248,32.14161,32.22212809594727
32.285,32.13354,32.18126055358887
31.5028,31.537615,31.775142411193848
31.6273,31.535313,31.626165326293943
32.3678,32.193874,31.84150117956543
32.9583,32.18429,31.753854919799807
32.3171,32.11672,31.630725146118166
31.7207,31.504942,31.264755970153807
31.4699,31.508726,31.25979155999756
31.3849,31.46342,31.27100393395996
31.7009,31.468023,31.41441065008545
31.5923,31.476177,31.569246107788086
32.3926,32.14583,32.06858812353516
32.7025,32.080055,32.176126618408205
32.3007,32.12019,32.30938733337402
32.4174,32.10674,32.41933252209473
32.7078,32.10199,32.560706873046875
32.6071,32.042324,32.60503553308105
32.7168,32.10502,32.65832330786132
33.0243,33.447998,33.191267023437504
34.1282,33.74327,33.13267693701172
34.5585,33.8128,32.92733068054199
35.0611,35.017937,33.34522735327148
34.6419,34.405308,32.9046723848877
34.8064,34.455288,32.84819596667481
35.3514,35.102707,33.100656454589846
35.0205,34.973076,32.91991293334961
34.431,33.7953,32.252005765014644
33.8338,33.746567,32.19043538623047
33.2368,33.78654,32.26332449255371
33.9243,33.79447,32.33494737036133
33.7432,33.74959,32.34084991369629
33.9365,33.786926,32.35310463476563
33.8976,33.715828,32.366232970947266
33.1521,33.724415,32.478382412719725
31.8115,32.228916,31.801858084106446
32.3555,32.287216,31.820421093261718
31.8377,32.223457,31.72688866821289
31.9757,32.179592,31.61251156628418
32.8378,32.33409,31.62149259326172
32.8583,32.138042,31.474685724975586
33.2353,33.758526,32.311533924194336
33.6939,33.74544,32.36843671838379
34.688,34.56291,32.85209008630371
33.9682,33.776615,32.53181557141113
34.2441,33.73763,32.57676596838379
34.5365,33.793446,32.6496752935791
35.5558,34.989876,33.294804396728516
34.9433,34.90301,33.31380766101074
35.6173,35.103764,33.57144179016113
34.7884,34.64639,33.52421550378418
35.6459,35.245384,34.0428811081543
34.8825,35.317688,34.25943749414063
35.234,35.251118,34.36006735314942
34.7781,34.761208,34.230378790283204
35.8684,35.884365,34.865382540893556
35.3494,35.36017,34.591732228515625
34.4853,34.030952,33.821752726806636
33.619,33.962772,33.60456268469238
33.3634,33.995644,33.488181807861324
33.6541,33.916668,33.35516896911621
33.8892,33.808743,33.26017776159668
34.3512,33.83461,33.27171899267578
34.5383,33.751858,33.179126878784174
33.9856,33.73374,32.988363380126955
34.0475,33.606445,32.76079965625
34.2728,33.5995,32.607761374389646
33.9139,33.78011,32.56727220275879
34.4271,33.731506,32.50784517382812
33.6701,33.78874,32.56591512536621
33.9095,33.6151,32.57182393029785
34.2986,33.765102,32.79431919323731
35.4392,35.20196,33.75163275866699
35.5694,35.18455,33.92159061950684
34.632,34.635174,33.785215398803714
34.2834,33.95427,33.547613204589844
34.4344,33.849995,33.663137329711915
34.7972,34.718735,34.22809037060547
34.2007,33.77836,33.88377572973633
34.0517,33.924797,33.98858052905273
34.097,33.961014,34.02802489697265
35.061,35.31377,34.684877147094724
34.7242,34.655083,34.32786635131836
34.2681,33.91911,33.918783172241206
34.8352,34.576397,34.284765471069335
35.062,35.215076,34.655824723266605
33.9908,34.057556,34.03205507617187
34.0078,33.765152,33.73332198876953
34.9087,34.593163,33.95888126831055
35.1834,35.29054,34.122109393920894
35.4548,35.338272,34.04156854736328
35.5096,35.3355,34.008682404907226
36.2291,35.906708,34.34859088183594
36.4463,36.690273,34.790781642456054
35.3212,35.219208,34.08991238183594
35.6827,35.371094,34.202606875
36.1128,35.919685,34.50683268188477
36.5128,36.78883,34.97825490173339
36.7575,36.72727,34.927723109497066
34.9075,35.165215,34.09952226928711
34.3635,34.114388,33.55420125610351
34.2886,34.013454,33.615873218627925
34.4008,34.0529,33.79853270349121
34.939,35.27356,34.48837828515625
34.9748,35.104313,34.39796444836426
34.4525,33.976017,33.79177649914551
34.5929,34.63588,34.09217275830078
35.4322,35.158436,34.311424410766605
35.3519,35.23564,34.28471173974609
34.7754,34.66572,33.94238294665527
34.6365,34.594486,33.94441411828613
34.3032,34.02939,33.71256071386719
34.5513,34.64697,34.02741942077637
34.8419,34.71029,34.076634500732425
34.4756,34.084087,33.810047185913085
35.6238,35.274044,34.41119001843262
35.9073,35.87376,34.66045511169433
35.2592,35.21534,34.30757733032226
35.0923,35.215015,34.33264520568848
35.0414,35.180706,34.40564551208496
34.8685,34.603954,34.22586215759277
34.4274,33.95741,34.03104945251465
34.8912,34.65584,34.545512913696285
34.8538,34.611946,34.576090052978515
34.9672,35.128174,34.8457919140625
35.3087,35.146835,34.88300766357422
35.1491,35.099937,34.90637221948242
34.9413,35.14396,35.01029952270508
34.7424,34.641678,34.68864392822266
35.3594,35.11891,34.75418287158203
34.6825,34.584137,34.29010198144531
33.5624,33.92192,33.79353338818359
33.5906,33.93163,33.7140485904541
33.9024,33.883934,33.679332010498044
33.7388,33.78579,33.61437624487304
33.184,33.552685,33.48348639196777
33.4401,33.650486,33.59980599621582
33.3338,33.555965,33.646429211792
34.382,33.767395,33.79243100976562
34.7655,34.287807,34.0464687322998
34.6892,34.308857,34.030393482055665
34.4506,33.694386,33.67162126428222
34.2327,33.59704,33.60059563452148
35.2881,35.118416,34.33180041625977
35.607,35.08016,34.36691411682129
35.859,35.900112,34.89549107604981
36.3198,36.051132,35.08631310107422
36.2561,35.926003,35.0668677512207
37.1414,36.829487,35.51088342346191
36.8631,36.754387,35.428399950927734
37.4841,37.93969,35.930683318115236
37.745,37.868507,35.79948019262695
38.6309,38.155945,35.890525912109375
37.1281,36.778973,35.19002531286621
36.9662,36.86417,35.249277037231444
